EngineID,Cycle,Altitude_m,Mach,Tamb_K,Pamb_Pa,RPM_rev_min,FuelFlow_kg_s,P2_Pa,T2_K,P3_Pa,T3_K,P4_Pa,T4_K,CompressorHealth,CombustorHealth,TurbineHealth,OverallHealth,Thrust_N,TSFC_g_N_s
8,23,6640.033133136597,0.5128467141895394,245.78971833968447,43781.864867861615,40683.465163266366,1.5195390559685766,97665.98147871844,328.153516086351,92151.69566066434,3311.5066775308646,82792.89812139129,3180.498275653322,0.8250665512736607,0.9208731493787232,0.9177866427442206,0.8816245581463473,49772.06275020174,0.0308624642254331
2,30,10261.41838924201,0.7851283356454285,224.87031769942948,25756.70703694213,65363.486058495175,1.7091278420254414,147492.615101206,426.7001099273824,138958.0209726431,2039.2858534954776,88415.28681442859,1824.0046891697,0.7253129201146422,0.9022872271225568,0.8002722075686598,0.8008929984532218,65104.45664400553,0.0262136277457396
1,7,5057.250681309782,0.7374851638402087,253.8276757943832,52949.94815526623,73201.93364892599,0.2121609325514434,453907.6537936711,493.2687552295922,426229.5615891972,705.2990638025743,94760.5199878232,443.8745079599042,0.9651210160628512,0.990735447350202,0.9840292852690542,0.9784778262109172,18331.69268269888,0.0115927011561081
7,6,7702.423629591316,0.2072599010432466,234.78784948573423,37063.49254827991,57371.271661211074,0.8636915705000464,161685.1594520877,380.0975242329303,153506.69271233596,1450.375761954147,102731.68430785554,1302.5400819964389,0.9795794482798488,0.9916976406566684,0.9859254301928622,0.9851187005667986,48790.69891627299,0.017829460917074
6,24,2260.80386441149,0.0696314672292681,271.6930840349811,77656.76331716451,64453.978048125806,0.8969524125677015,342471.4353185897,469.0400623494313,320971.5362504016,1345.341124854092,160942.1553481826,1098.3391123112328,0.8547984534361699,0.942807504903174,0.8424403385048103,0.8774937343968633,51849.03586297942,0.0171466597437789
2,1,2118.2457074214226,0.0793541337624311,279.73327167805866,78294.64076413686,35905.73172978415,1.0316044954741084,134921.76459322782,326.3457999524504,129107.91308611304,2937.641245912947,119106.82059658518,2842.028980548,0.9966994934315256,0.9988259307687845,0.9976001678306032,0.9976076269524266,40219.06886674275,0.0255948685900612
1,23,6614.586000663132,0.4000754072693271,244.22391134654265,43529.881136362426,74593.15641275207,0.8389034887597652,259197.67546365337,460.4192673452207,241810.85856567905,1187.8101102195333,104426.06810938216,940.1168399416928,0.8362495282691685,0.9565046140818416,0.9250204055317824,0.8989573171917545,50496.11403732675,0.0164695251990873
9,17,6866.762282631423,0.6852058962914034,246.6812379669048,41815.0592884712,70646.68386589926,0.819987129604435,308909.83219749935,474.37405601724106,290210.5911123588,1220.243342555365,133472.2463872187,960.7431222780864,0.9063073466648992,0.9472393849878836,0.9241441242899576,0.923937991449312,44851.79151570841,0.0181782766729733
2,27,7270.119212968999,0.4601381195977906,239.21204260779533,39844.43557263012,41828.48308494344,0.5147954160622353,81918.75141061086,322.0062816553767,78042.65068068646,1273.648660231425,60476.65053990085,1156.369003380693,0.7604735406754507,0.9147947019281504,0.8258378553161154,0.8263791834434602,26663.70907473972,0.0194177957822234
7,7,1717.010244875506,0.3356693704996076,278.1082189032447,82715.11911542124,70068.31803869916,0.852881167465337,499084.75755967095,491.061938130944,475666.4831055354,1323.9542082028563,241815.79154418447,1087.431699998054,0.97504840582955,0.9898554601349172,0.9828024747438718,0.9818167427954568,51962.99538296067,0.016575320674011
4,19,10268.93333575884,0.8138829942940049,219.17642702677145,25387.10182983889,44297.38370814367,1.9493046372669032,90507.95308473844,344.2571702765715,85893.27484264273,3809.723551137637,77161.15987111788,3704.357444793682,0.8686834312537008,0.9547619053700316,0.927371940362432,0.9121135262212194,60030.18600432768,0.0328224645305172
5,7,7525.778288201256,0.4419869077469606,243.99573013858543,38581.12176370781,49976.76222515208,1.9635517298989236,142640.8423346159,365.1729405600936,133483.17724203403,3338.702797514716,117911.0303069857,3254.7746876112574,0.9600233172288232,0.9874089511226958,0.973771852108902,0.9723635678610086,69206.83078411153,0.0287388842616395
8,21,2702.6317350247223,0.3584404442370558,273.9305916584099,72211.24008555594,50915.79362110314,1.9265295955384072,233642.69598966668,413.4046476798272,219241.5416653596,3144.898165388141,186967.8657804485,2908.7338956520275,0.8445782643914042,0.9296987937621948,0.9269565496596828,0.8948279087831248,67154.19130122391,0.0291984337143237
7,14,9840.059281878332,0.6775365762816156,220.56095051370505,26777.53141456896,32735.996488337227,0.2136417155657448,45941.25929898455,267.3421817212425,43909.92857385289,877.1989752508443,40004.9785451835,843.0241641254648,0.9385619684660016,0.9750212128382972,0.9576547257151194,0.9552275689524256,13354.097093195722,0.0159037582633409
5,10,8722.150336528872,0.6216226465012752,229.7059432916797,32030.118778702068,36623.413157526295,0.7452417061551534,71260.87729211303,301.05942216833137,67634.75060255462,2051.738621926898,61624.63340271932,2032.0127089936332,0.9364406712615588,0.9799813651539052,0.9582996047082556,0.9560605594632716,30787.481310178428,0.0240004062568359
10,13,7100.629226260152,0.664929253259027,244.5666524790693,39547.00105667905,40334.58310362139,1.717085003751291,111330.39206560624,336.1712852111008,106363.16822382578,3790.871767109202,97555.04614605196,3781.958757458484,0.9179828644418924,0.98605258005563,0.9381395840078988,0.9444507949958156,54281.175817934265,0.0315932657636055
3,23,6260.828488932119,0.0608843320516279,248.8090921260045,46668.7491331081,69607.30974065822,0.6130258360736541,214792.6607219065,450.1454847973603,202116.76520778495,1026.4290929511149,77544.8125068084,761.3979181757693,0.8023680989638527,0.9499878886765858,0.8686402813678638,0.8665356905988759,44729.83893490284,0.0138762347957944
3,25,7501.875611370066,0.080445564595816,236.9461324496036,37983.550256994335,67524.89595023263,0.4288573597829877,166193.21308288554,423.9642480161954,156408.17740835535,815.06249056492,51409.20424291553,590.8709722691046,0.7797414009244907,0.9442620471738068,0.8536010256989053,0.85125548223161,35116.435296859185,0.0122416830441178
3,7,4211.634141023474,0.0297240257095177,263.3801164160232,60348.644902550805,33845.21154366849,0.9103926942401792,84822.10646712812,290.3961698784358,81815.70196774525,2833.5127436492103,77165.6145202481,2806.7475653266174,0.9579042440070716,0.9893473795276778,0.9720202728717025,0.9715719933226428,36033.701846834985,0.0253779614720099
10,19,7489.837854595213,0.0676138656530803,237.6753450318187,37616.02270838164,35645.82472575947,0.2904462650733874,55779.467154130885,276.97083777435495,52890.04112955744,993.9275376358172,45651.27560246325,943.712316118686,0.8656746685855186,0.9771573123877616,0.8986867704774987,0.9090230922937856,19802.481927383964,0.0145818174639198
6,14,848.316764940732,0.167890865724956,281.715179700272,91001.75350866793,62868.00216662207,1.7722926593847708,444649.25148567953,481.2480789381457,404772.50070439855,2350.748303077682,291181.79870129365,2168.71848527238,0.927945173914822,0.9716187920507608,0.921812582057556,0.9392074817984236,76056.12725850088,0.0234963725571311
6,5,6536.170379085323,0.2603096613117412,243.79519545471095,44157.06582279051,45217.36691893567,0.8210633131268054,125569.81188314788,350.88916463330565,120450.20426120884,1783.7435147464814,97078.5183624356,1693.3040210676895,0.981104532843493,0.9925573870370196,0.9794963381628724,0.9840579306973648,40665.504075633886,0.0205413734614138
1,20,10837.784170451929,0.1763949278565751,219.4577931423033,22995.59846821496,33363.93967421964,0.3800445673721446,29143.836382846435,239.3501855984603,27524.834589915838,1297.2327600767692,25819.47071608237,1281.1132683876249,0.8634551365999437,0.9637309653770636,0.9374775634156128,0.9157446132777805,21253.830055406583,0.0179450198616012
5,5,11504.691004030268,0.3451604951330663,209.11536989556453,20585.811256710807,31934.87462905693,0.2563059784822796,27040.96900218348,233.8804057363678,25232.9446274012,1008.8887312860458,24450.442058974928,988.3506124891117,0.9741868914607036,0.9918699079372396,0.9830643769976392,0.9821550420647452,16077.44007075083,0.0159055435771794
3,20,7587.029818239333,0.8579806382556544,239.9571471946176,37212.123740515446,60425.88009026433,1.6695011889619833,233672.19572347015,452.167182909024,224264.66014473973,2317.190213717326,160343.84545616576,2108.024195086013,0.8352027896760359,0.958296932907594,0.8904644692176619,0.8887095365079911,63374.71598682437,0.0264228394698661
4,25,215.49961587099853,0.8700303502444713,287.798668464775,100569.95537574944,66259.43314438435,0.7459371539302353,701579.0182108537,569.1137204219796,671962.1730208334,1272.1339192953708,268979.2064561829,990.0177047790228,0.8123874629893069,0.9353681429229596,0.8962359841042371,0.8744362233038817,37793.15833679785,0.0198065471275048
4,29,7318.029328385752,0.2516648644111624,241.27679837233865,39697.5954746836,39971.31635534729,1.1311303311938676,70805.28535413105,306.49774388912505,67516.54397269759,2460.7041238439733,60251.485851950594,2384.519878823449,0.7724602679744741,0.921613365109051,0.874153205606571,0.8477140784044761,42961.17981591488,0.0262988757767825
3,13,10421.776050675811,0.1846202275411967,220.13626879629655,24508.272153079542,35562.16578693375,0.6886232372530087,38180.37196601021,256.9983070379453,36537.01141265121,1986.3384630615783,33883.93501116482,1957.7957504996943,0.9058680144754914,0.9761792538832852,0.9374334251304794,0.936431009494326,30930.691792926475,0.0221640468089161
1,16,451.6749073124664,0.7408163621549857,286.8044354846267,94832.12677415783,48583.01456263396,0.436611802038945,397689.837294671,459.37590007120406,372779.9434919575,1129.566302429954,221219.81234302168,959.9126639145716,0.8978373027575564,0.9728635533318992,0.9532207905842908,0.9369602242778796,24665.57575731505,0.0173808601506595
1,11,10777.503451127386,0.8017605142189426,218.55684234646037,23178.62938477714,69355.76949432444,1.3736208502461724,191471.34439023185,424.5426526072734,179215.061956199,1716.2405558884907,117367.22577138511,1550.885894224396,0.9372307609617008,0.9833272402399686,0.9712586349314062,0.9612680669360928,61851.203305542025,0.0219180370086065
7,15,9968.265790627784,0.1069035499953199,225.0787508036653,26102.43015536477,66342.79955301213,1.1538621813236534,135148.89171471374,380.3254386926854,127878.30692146266,1546.3189515528854,82994.7712309281,1369.513199341742,0.9327968727822648,0.9726773047661252,0.9536812169305596,0.9510263056219116,62735.14977048367,0.0184365359734094
4,12,3593.9124122510943,0.8443563677970418,261.7508874786595,63167.01269419467,42958.92707610606,0.9906330456265616,250542.56808204265,404.72322170027,232716.06492241996,2214.008601917314,191343.92711295295,2092.490017945425,0.927743742289632,0.9751079741489124,0.9600367886225022,0.9516409257472772,38220.16852779755,0.0254677648064827
3,9,5944.635876028488,0.5012374017665456,248.03865715461197,47402.38849921077,66319.91640315135,0.6105417111540238,283421.07729878207,450.2002770310733,261788.14352082816,1062.3180991688046,123073.30054348342,880.5629379516562,0.9416385432608612,0.9852312321232968,0.961208972357086,0.9605874786484594,39422.93102044657,0.0155041372768384
8,15,7171.688553061989,0.8118493681407344,242.41998376352535,40101.62768059718,48724.21778569176,0.5956698572739483,183355.39511680885,404.5889243415003,174520.5792660902,1285.1376758665704,114765.47519900344,1142.7801369632962,0.8996435458741192,0.9546062218957218,0.9528355435964604,0.9320899479973024,30199.19330154059,0.0195170445067955
2,8,8030.309298103503,0.4697983567597344,231.4492496630432,35311.51831539087,47493.08112534223,1.7727076857660378,124479.0678203403,361.34906681137664,118619.8749109136,3157.710710756168,103830.206427081,2974.887109832707,0.9507282957252724,0.9824728747668424,0.9641740385888252,0.9642853922968092,62728.82319868666,0.0283595464214103
1,17,3237.445005241138,0.3983559665491485,266.13256082430416,67678.19175016454,33976.71683484759,0.2416712026392261,99839.9568502882,307.2668124486878,94314.1877528057,986.5697886451524,82407.70340307549,955.7143219443152,0.889459870063442,0.9706383403955184,0.9493848535060636,0.9317909061958514,15880.286211804105,0.0154676896166544
6,30,11544.95522969534,0.479565661260416,214.02186300956112,20740.19648261112,54902.48854070952,0.9379221761230548,76843.02124741001,345.36056040941264,73288.26865557267,1484.4799923629346,48231.16516628771,1312.1541081836808,0.8059318530521516,0.9235597567283091,0.7894146979580549,0.8362650776267699,43884.70892408866,0.0210414283799989
5,28,11336.984075737597,0.7893593648374627,215.20304704401752,21084.33008952903,50832.04179332029,1.5881905908523706,86747.85665656581,360.8576706888918,82722.60189581035,2558.887286643327,67536.97345272302,2380.4675481823992,0.7576267185983856,0.9236621545077116,0.8409822469303123,0.8324440078707613,56363.22102736549,0.0284699468228278
10,5,2294.2810519656564,0.1160708243727745,271.7988591694296,75712.4414557096,44853.60362078461,1.611970732684848,209987.0737539181,380.5658395828196,203124.11304779552,3198.184288054006,175713.910581455,3076.6341702720774,0.9763168620239184,0.9959725651389172,0.982137284395152,0.9839596996697882,59764.33975104919,0.0268401953966858
3,8,9626.24647380611,0.3069565450723595,225.16859715929655,28357.49782443448,70883.21344801481,0.351719059410327,166423.95426159454,405.3600782279366,157052.14770175493,723.4962474798574,53052.4929658644,536.9059119231225,0.949924205969554,0.9873279760376288,0.9667161921752851,0.9661829328516958,31068.267989055814,0.0110790444969016
8,19,11932.117222700706,0.6093986651080269,213.4022972084334,19937.529003631083,77332.0153805518,0.4447158282846007,146294.76809377343,421.0948465237472,138074.37729151495,780.5597221180496,43183.40653660345,562.5426640633862,0.8635396903142338,0.938275529243522,0.9358678384659264,0.907658886438528,33116.43509160154,0.0137877702656287
3,10,8632.033255948312,0.4367476785693782,233.43369553531608,32162.945894102213,73867.44394126128,1.7984282053134542,216214.50939599905,435.43471830994287,203427.93499715888,2033.798291733167,137090.74773594635,1824.5342452293885,0.9330715355007688,0.983063291909394,0.9555147513179468,0.9548020271685098,80877.8312978211,0.0225186967305505
2,2,4482.230112367269,0.4355277000880422,260.7479182203412,58307.339469169885,61850.45388548321,0.8737181772447296,309021.14085227833,435.5150112727247,289224.0063838774,1436.1908643738473,179070.98017510952,1229.0018541652885,0.9918731995540292,0.9971091024502176,0.9940909200633636,0.9941092865756862,47673.24512057466,0.0181243074399541
7,4,5482.308530471097,0.2726149445651754,253.66952436884668,51212.664589865126,71520.69606227094,0.3046242435939707,310141.7233648303,453.4845192342841,299480.74579026405,734.9281496434596,88471.93995030168,518.9921585950698,0.9879455101710968,0.9950990204558808,0.9916916173024404,0.9912153953959352,29283.659418690077,0.0103321003795773
9,26,1195.610714815478,0.6934415495199888,277.4054513519641,88647.32032967896,78028.39750027383,1.9879463776841928,697877.8120115767,574.6485718610944,646122.0352011336,2029.9071201883608,352294.9790660996,1717.3095273151505,0.8372251541543446,0.9083375198629176,0.8682134827473874,0.8678553624448293,77223.35657072926,0.0252013653436262
8,16,4983.949486231847,0.8566494365402963,252.55090033190848,54379.92112767248,57097.2053065888,1.2812441039536089,333666.03988472983,474.6902670630875,318737.67870955553,1987.2495568576269,219672.18096303436,1796.95169684752,0.8908603268686609,0.9506333484213864,0.9487076999667317,0.9261464452639,52117.15922916061,0.0247358288985877
5,21,5700.986675702168,0.0520734428494647,250.67606042050477,48911.32201246328,77631.62487991292,1.8855639245226643,278229.8922718984,465.25043797808246,264461.8452230739,2011.104273854984,159385.49455606058,1709.951586565724,0.8332505596294033,0.947480625994234,0.89059800164432,0.8847238121433274,88729.32082234297,0.021378544958858
1,19,7502.716385567677,0.4529605095318721,240.8817999962071,38223.6499345947,72133.61448444129,1.403392331242873,233850.16066269483,458.2901498742673,225068.00827945807,1675.7408954946984,133698.91307633105,1442.4745756768036,0.8722631935386119,0.966070560687459,0.9415106787424492,0.9211796492444172,67450.58943078473,0.0205431642422636
7,2,2507.988329768946,0.2059515059760539,270.0433968646733,75176.41961493214,53184.09202233673,0.6782098630707721,289800.6478712435,416.7664879828626,280149.1559435873,1342.8250096912102,178417.97951420696,1203.9419191144714,0.9951043558748108,0.9980095838103982,0.9966257481220312,0.9964323419296532,40810.59584762839,0.0167459427440893
4,7,111.86240639079872,0.2210668536799252,285.75358076769913,100574.78435797773,66876.85185387947,1.993093160202769,528242.1703852705,497.2813598169631,513981.7389538519,2502.530485202946,364327.62490752514,2291.080496311686,0.9641435493898294,0.9876475792713446,0.9801686530635886,0.9760022894564118,83126.54375181286,0.0238823584239968
5,13,7652.868653401124,0.8825589812406429,238.211839063594,37602.55630369893,60832.8117281249,0.8331738318835342,257926.81912175368,450.3538832677078,243904.75747458293,1421.9878644522166,145118.03486726884,1216.4253313473969,0.9106065579492988,0.9718446574315976,0.941350200765268,0.9382010806387792,41599.20183179677,0.0202904217926416
9,23,6227.798865790551,0.1770660138749828,245.76079802504813,46564.51293547082,70414.52691849608,0.5253023678676901,235810.02924129184,440.9737458785654,222802.66535850707,921.3554612527898,79284.76595032772,672.1597400226569,0.8612068197301619,0.9218421798309686,0.887629628821644,0.8873242704878486,39102.07782485267,0.013666755021341
3,27,11851.607996243833,0.5760091526736795,210.6731878547293,20309.014890129336,70225.83176534089,0.4388248898497388,113234.69135588764,404.1575965028428,108522.5590824588,796.8771090923157,30978.193902177223,556.7551225064458,0.7565645877581233,0.9383969952559672,0.8381961257796013,0.83560377141392,30301.66311649497,0.0144726185242486
9,9,4506.070610908992,0.7870847131915567,256.0210883323427,56931.66495408463,74918.51182331245,1.0819675899094512,532757.3632371941,527.4374581706638,503546.4967900118,1463.8379154149702,253745.7745604772,1189.3760171063266,0.9590138426866416,0.9769196965838728,0.9668165993349064,0.9667264258502904,55096.77987677958,0.0197347749072137
9,6,10970.455651473683,0.3098807177116056,217.3719284051148,22594.933718182918,32761.092800338796,0.5659987741144793,31065.07884865838,242.04802149692352,29557.28102558985,1891.7827763234752,28028.917294499337,1861.640044724909,0.975805393349282,0.986375427726414,0.9804114515960384,0.9803582211364484,25713.61252447926,0.0220753031462531
4,27,6225.227416268409,0.3900453405950602,247.4486020095167,46259.75872841984,46216.92265136409,0.995188775640092,118803.11806574676,356.1589541772729,111125.67711409571,1888.3724245075175,88242.60801089964,1783.2510281245477,0.7926458468334975,0.9285672258084527,0.885317367442267,0.861223716708615,42164.781995024925,0.023296046678519
5,27,2862.7721214185085,0.1724617367900994,269.97513942977315,70993.85575248799,75327.33829424465,0.3908478902004176,365428.6702001618,518.322961730824,342481.22931698104,821.6965989583495,69670.16505390417,512.5592570794212,0.7688189694918649,0.9271872638534138,0.8483253277294049,0.8401813652715915,31654.220766288807,0.0121072836427967
10,23,1210.7063313681847,0.816886862474516,277.7425324064375,87555.46452905325,71196.10053240029,1.591532182716523,663681.4245431554,565.967995113156,640918.3294549966,2013.28163106955,354194.589241509,1698.779870446752,0.8278034577984346,0.9707171255041926,0.8701228754149384,0.8833733833951132,65432.33455576524,0.0239646473550369
7,18,9939.627903154476,0.736711256592102,221.4990058166999,26724.75656729646,53849.130175136735,0.8243954694867304,138297.74718214356,382.1155744894452,129060.56542930358,1456.6180873834464,88496.85358392716,1327.1655143594455,0.9148224581092772,0.9653694684428816,0.941292611689901,0.9379276072835456,40336.87721776667,0.0206132565075414
7,27,2686.0165811453285,0.7333311934015462,272.3481972100212,72129.73608969737,76515.73619634386,0.369206117766137,575322.9960101071,550.3060958152814,561076.8377686151,834.8788005728796,117898.30239094012,541.7560059196247,0.8557075061439465,0.9413351729690896,0.9005484863849711,0.8948481002637969,25024.920614195496,0.0148511823082702
2,26,4254.727889913161,0.258817832704893,264.528362246519,59003.91467061021,45035.97006252483,0.6191661640536996,133813.14535995893,361.0226994443885,125757.46022878846,1376.3587541469135,91604.59432269345,1253.9525509625637,0.7719416626679587,0.9188741875743354,0.8341764444112156,0.8346918546628488,32428.727966895716,0.0191340823643547
6,23,7128.869044230425,0.5898908003215224,245.94266160772645,40003.91680275363,74140.83735890407,1.2337541781856296,273976.7433007111,467.1460001809941,262170.2490624698,1495.5824425676103,131985.3672586408,1256.6653417310383,0.8626138938632284,0.945885878025788,0.8509209516750139,0.8840876064555319,60377.14534327087,0.0205682489799908
7,5,5860.247127209274,0.6709342558539458,249.2946379758577,48497.51436912063,54484.73635924469,1.048713014899633,250556.9029700483,422.8722988941333,239831.49424182143,1818.211137741739,171982.00861607207,1722.3947475623895,0.9838886529871188,0.9934496288719732,0.9888954871872512,0.9882589960126148,48578.197921634805,0.0220206924038281
6,18,10397.987169698532,0.5690026727063093,218.27690623495727,24560.161622820397,56343.2620747992,0.410365105811128,116918.0353794682,370.2821779547365,110168.8595622269,856.7658327440993,52138.55597632626,702.3806358853872,0.9001033592050772,0.9606523602946512,0.8916011483305002,0.9157173962695764,27496.47361662091,0.0148277325160562
5,20,6246.251828832577,0.3111690884332175,249.40954246011523,46094.07689617688,48034.65333236529,0.2005411361043705,133010.69219503377,364.8170280286956,125919.55780762364,663.5407957640177,57939.79778117662,531.5866736702428,0.8434985750154301,0.9507083390928772,0.897321582604588,0.8918084065154115,17792.814916667026,0.0113774311280119
9,14,2149.9057166613848,0.0994438911725006,274.4890626304987,77449.28641278844,73960.09993769045,0.8059667219557126,455859.076595009,494.1070494934326,430779.7410874831,1196.0546124626137,189075.11249731007,939.5797552561198,0.9272072064099702,0.959008605034124,0.9410651645929704,0.9409050134521164,54208.65255017386,0.015076438068814
2,9,10797.24749984725,0.565027082615468,218.18121945157728,22958.365528194925,35958.31205542005,1.9346524698511005,45888.6352765421,272.1101928935695,43315.17310411504,4936.041753594867,42483.59542295598,4890.4492582440125,0.9425756796638152,0.9795727939843658,0.9582461878534548,0.9583759664168722,54078.39305270381,0.034980658923438
5,6,1847.7136092945557,0.5013994509993961,273.19034990575454,80272.72568133275,56725.18835694473,1.557829835054535,394722.3508671944,461.57288705901146,378360.1951492839,2371.8668621994866,281644.39682981634,2203.025474029529,0.9672828151759664,0.9896954013016754,0.9785347081683368,0.9773821589113902,63945.318870870666,0.0245744847384693
7,16,11166.544853807558,0.7420575769660958,216.49443750707343,22095.326491365227,58381.94903693352,1.3700443361163015,127525.00635039796,383.46642584095423,122589.49695190304,2009.4359315363577,91138.681705036,1896.06625946774,0.926915240262002,0.9702860164513996,0.9496273868176014,0.9467401170855012,57647.94450863572,0.0239844613473472
10,14,4386.285545214954,0.3531132878842613,259.03793870642176,58204.440682416105,78840.30890076584,1.8849098007247176,399420.6537831616,496.2118559777866,376036.229154074,2082.1245734385307,230034.8850380138,1815.295120162326,0.9096881609814992,0.9846420246675528,0.9318834059165838,0.9388328935678406,87050.48193705801,0.0220377808335331
5,18,7880.201417059275,0.6622070307767693,237.7784524141184,36464.61048790312,45580.27646162495,1.3414783316504972,120598.51169462544,360.3868735928741,114823.3952093618,2570.447369846549,98421.477991334,2413.1512660991752,0.8635311416123188,0.9570177926961944,0.910464672098754,0.905657196083412,49819.97756689811,0.0273123103159374
4,23,3334.550944283269,0.5766330241375102,267.7353432735667,67138.33756444273,64820.970711507725,1.1282710438554473,363460.845628762,490.174162513376,344516.13928682613,1607.5176965317278,196219.30194113724,1397.0316321565012,0.8316605004151205,0.9420076363181938,0.9068954410556548,0.887335123378203,53187.139088776974,0.0211099633275445
6,19,9582.741666017531,0.0624510462618069,226.9499890472926,28948.559658729668,53812.68509191791,1.21392672533861,97886.56549214764,352.5559814672892,94061.83474932214,1920.251828702836,69221.14179483135,1778.9046700884978,0.8928292403400002,0.9577872048099488,0.8837079286425579,0.909580236171752,56309.81317638594,0.021474426262121
4,28,5853.280632087603,0.5919768239347406,248.55464807113597,48221.16740502384,77238.746704621,1.264260162038413,316849.7964410254,502.29221462544393,301559.92597336124,1495.7021155724012,141049.4773471168,1214.615652537903,0.7826071351756101,0.9251089250602824,0.879765195649064,0.854505090283048,61921.955614425744,0.0206901075244556
10,8,1047.7674088412325,0.2703607608368416,281.4945702277323,89893.46326358675,79055.0586467023,1.891317453423929,614162.2839090913,516.0681752900144,567656.3914964809,2120.486300730052,359663.3781957114,1854.588802884609,0.9563689944040792,0.9925803314941384,0.9670918505267094,0.970449252367886,88002.90573987077,0.021595574271469
10,2,2025.8963181353497,0.3196490176695522,275.89068344480324,78455.80757452705,49778.96613145459,0.3087609472872403,285245.8866354499,421.0297091105147,272327.087903662,872.4779628817408,145402.51568409006,735.7797708850873,0.9928035678701508,0.9987762110889004,0.994572179555137,0.9951259443412714,23957.544872650666,0.0126601168964161
6,6,8041.091789942807,0.5697945065105104,233.50232739625,34946.08218688412,40018.27790167881,0.9525372980088213,94146.6502601694,319.6370680672495,89203.99269090091,2303.95659115137,79894.08336848044,2269.4299879532737,0.9760506763315708,0.9905667562853624,0.9740123475297996,0.979794001677177,38375.871429557046,0.0248333371955719
6,27,3765.0100585672094,0.5928209009640668,264.77353714473605,64326.25623996333,42019.47041407082,0.2281990256473217,160309.01043773984,369.5090644039896,152134.92929904506,785.5214015688039,88639.61573239573,684.5089094078952,0.8307730522837296,0.933344295521956,0.8163701335900122,0.8572235496470823,15405.804310725716,0.0146624349091912
6,29,8417.114872442498,0.5886934076594033,235.08927290540984,33440.30216309966,44199.22346521278,0.4786169412839417,91451.00422455146,336.57878620648944,88525.36650881941,1166.2320930190674,60321.72467602608,1044.4820729194448,0.8142990928957271,0.9268554745429765,0.7984940742360704,0.843324501792005,25696.66739437313,0.0187250671945609
1,3,11063.427428868095,0.2342919887365059,217.69794136602232,23132.70217239791,62807.616034653554,0.749029802358647,118005.7060648584,363.1024895127166,109746.61162267852,1189.2539749880625,66876.77922041072,1042.2361772011584,0.9884070488970544,0.9969206813462996,0.9946917113385936,0.9928465373642896,47814.86380566101,0.0159172248205971
4,26,8960.694113122707,0.0436991443861017,229.94050831580648,31046.01621036786,75171.07002093566,1.7542228147768772,158893.4615914357,426.0177237689363,153847.54757391897,1857.01084569116,94289.59287110878,1626.253290371602,0.8025736131891326,0.9319873062914276,0.8908081780370665,0.8678680905742012,82365.3693729075,0.021053447427075
5,24,7142.272732113148,0.0655822860508606,241.91677577661065,40567.380838803096,61091.22210639207,1.9416748644308883,152065.72487339203,404.5494578416986,147896.04110798356,2547.106347014369,109615.47979175887,2290.746129409891,0.8016400838105184,0.937524596166832,0.8698588062630701,0.8628710542531781,78598.65664530563,0.0250146782411905
6,28,8504.368440810715,0.3466291501359864,234.4302990021401,33427.44544879601,41321.02579500096,1.2759077879257703,71789.10506551764,306.58149904687986,66184.13632605487,2721.127152398936,60238.874855103226,2588.007538779744,0.8225802068213872,0.930117268778628,0.8074799944125923,0.8503112616859209,46394.34508505372,0.0274674289735475
5,1,4439.971889093393,0.1088308376682376,262.5447160757972,58931.13411095867,51247.0047654632,1.5252069724702435,206169.86190790252,390.55792566869394,196203.05656439412,2688.483981800762,162206.6833133319,2513.5898707842707,0.9968144875858376,0.9989966915780492,0.9979100294242568,0.9977978113350268,63721.91762135259,0.0243577177836696
8,1,1520.40638718591,0.8760457371278675,282.96580443834915,85715.08726195157,63926.21089212891,1.755122290971771,691973.5671811383,533.6333759095794,663533.4374300874,2426.423488619078,462626.5638379742,2191.6135650712345,0.9970308873774236,0.9986569948018812,0.99860460810354,0.9979908358225956,67439.5712685832,0.0255695131439162
9,21,8505.965491568888,0.4772918539286138,233.99156071712784,33472.493142208805,61947.96143490193,0.5532118549998467,164617.29347996882,405.3510720385044,153233.71073476164,989.906311011221,72199.70932368883,788.2222993848621,0.8766875224536347,0.9305597405727796,0.9001631863621253,0.8998918870619254,34711.01699177663,0.0159510319346837
5,8,10404.892808553668,0.1181004767881545,220.01788200651305,24396.960336219687,69520.80653875123,0.4263359278824986,136693.01084223713,389.6575782629856,127652.0762599991,785.1636311545476,51419.56079649953,602.6215566647353,0.95244498916218,0.9850220822661296,0.9687998160238448,0.9671245651518644,37292.08018954472,0.0113878727864419
3,15,6810.455780878719,0.0274397530139026,240.9877285540059,42615.606250428245,76252.10393194381,1.4454230054037072,247430.15073276067,447.30131388267256,233512.12321553967,1676.3654343626952,134900.51906606788,1416.9695378392069,0.8866218155844404,0.9713088709317204,0.9246410810918306,0.9234337118408416,77227.77363119667,0.0186610086513571
1,30,3116.3281723055534,0.410244510340213,267.67752688389004,69164.99069391926,78566.62529346046,1.0920121759623234,414803.54223645607,525.3284903073479,399178.4004604539,1366.2702220183858,162121.30798392242,1062.006184693107,0.7686902154501571,0.9385595153449124,0.89408571676919,0.8572696558142936,59176.20473376656,0.0183640125972302
3,24,11438.932137808792,0.1578367644354653,216.83521668578317,20850.60915550248,64924.01420325212,0.5548587839451525,86077.12503026797,361.2708631076696,82272.21947987482,942.7675728595304,36865.13334669068,752.8580932111552,0.7911254748552938,0.9471428653502064,0.8611676621609217,0.8589433481954558,39607.56928653032,0.014181143900121
9,30,10967.908824217468,0.3499041996815417,218.1298993339402,22722.107855255537,71152.58811884972,0.4352818822805467,120215.8435386393,403.0509316680559,113788.64703288954,773.6938268343907,32510.340215397784,534.4303380689457,0.803944255635637,0.8895962353384775,0.8412684490474205,0.8408371075700242,31936.537032855304,0.0137977444913847
4,18,9350.120102426128,0.8651291463369813,231.91688064466916,29660.440170466496,40098.43737234347,1.1566224576365474,93610.22081541095,336.14234655209555,89300.18616501862,2610.349326113329,78913.06881820787,2575.7128676071384,0.8775964251808228,0.957832400331642,0.9323015045497124,0.9180787415367356,40408.24087339881,0.0282613969692088
8,14,3332.078719004533,0.8360707220361618,268.3565769821163,67330.89473699931,36177.00487996749,1.811577240472373,169318.35109785025,357.01662839370016,165170.68866170765,4566.41275729753,153710.3113830762,4537.048702220798,0.9082527369113412,0.9585003780913044,0.9568815994170006,0.9379156880170278,49778.305422576064,0.0356629358602662
6,9,8349.263927408594,0.6136745753749946,234.79664329805613,33479.962691585635,50690.96422855618,0.2269500750922209,143559.09296390487,368.318792425368,135583.5051198088,705.9526130007885,63672.864263904194,567.3234161393979,0.959429357063193,0.9840198926791844,0.9559763864845924,0.9657706265744102,18111.3897950832,0.0125727957722036
10,11,8659.148976071001,0.3343590612528724,233.9080691373685,32424.557297745632,34612.119205804964,1.0292756761754949,51180.18305226065,264.44062367119085,47936.56597101802,3030.3856867801114,46351.72509936056,2949.801987232864,0.9339931921736044,0.9887752155488309,0.9502151768326678,0.9552943945838914,37484.5236598335,0.0273238241073403
9,7,7451.997638893192,0.6453786319816085,238.31058022415309,38893.377910807525,35868.504269838944,0.262463800273761,83223.91117185852,304.4363920600203,78006.72289197306,988.6877448806132,65079.45766183114,927.1002435543684,0.9704369394845168,0.9833523206044912,0.97606501935589,0.975999977781921,16227.222529191436,0.0162728042323096
8,13,6432.225643411537,0.0710658394911587,245.8262669868915,44084.1308173861,58867.45036617531,1.8090083562764705,179281.17539802074,401.4450512215443,173309.54990080794,2544.2233532864907,134037.2805026533,2399.2546437975816,0.916679277095815,0.9623119166580316,0.9608418149370186,0.943617830316841,74810.69450566173,0.0245210045686738
3,6,5769.982034977656,0.5413114924296399,250.65415563932413,48462.30365205727,44524.43036378631,1.4451157958465768,161609.81762103373,365.7521146008056,150714.97171670245,2992.5117648907726,129758.14910780264,2829.3985879700044,0.9655485514640786,0.9912818240861012,0.97710120399378,0.9767343290095958,52866.92154316316,0.0274456569944806
7,19,4623.088313355299,0.4172552572657277,258.0810695789463,56545.812990694176,44905.2046060546,1.8727296291876736,164044.92060075875,370.1304911590234,158274.41618934428,3562.642995235114,137817.67863064012,3401.303400407428,0.908620131790616,0.9628477960332515,0.9370177480165311,0.9334077159311812,62166.31172232947,0.0302189196866892
3,26,6176.245829871805,0.8293723516601877,246.83962851646663,46493.30786780922,55004.06390180383,1.997791672800922,219171.96573606512,437.7662107200988,206788.64710306577,2912.434307289384,161262.90549858357,2756.8468104052986,0.7682198638088732,0.9413464429933982,0.8459430217745266,0.8434747849539268,66659.97896784141,0.0297912549243378
8,4,8389.385656688071,0.8108376382363824,231.65981824834952,33455.90018882768,70022.60011227812,1.4378092572611958,292466.56911279395,460.4581992154389,275986.984575358,1844.756032840691,180842.6346452841,1639.9136775676354,0.9819986672405038,0.9918575390892064,0.9915399255430456,0.9878187062858772,63784.91352974245,0.0222223382259498
6,10,11070.588743495628,0.3933169856313188,214.0133822183627,22861.633709582635,42827.60453497632,0.9845132236179608,61563.88367010663,299.76396362749654,57857.069274976806,2112.766490817358,49822.40302559072,2022.3066720728707,0.953473902345448,0.9816741372598764,0.9495140625522138,0.9607460208818064,41962.93926991757,0.0233998378401443
1,13,291.6104932373799,0.5830754790102664,284.9581662998789,98627.09858888616,39058.66510060296,1.886349306417706,231758.8896602353,379.5437244125186,223806.956154553,4499.781613125184,209079.6161980937,4487.78478707593,0.9220057240061724,0.9792831672611289,0.9642872528973706,0.9518734156500188,56261.27598894188,0.0336434860134931
2,6,1377.586593215079,0.5462304197626353,277.3728486610291,85862.32147936837,44240.38026081089,1.241436356622048,280906.90681743185,404.9781810576858,266410.8294759685,2592.653552758792,224180.29445925876,2534.288497858314,0.9661017540118116,0.9879415820628696,0.97535223774871,0.9754288475481984,47795.19557803912,0.026074352944657
1,29,2533.4531017536237,0.1236206777834867,273.9448017202961,74048.73075351464,30757.98116832399,0.8130164602743576,63132.53153005089,257.27837398243406,60860.8152856953,2896.8107640361186,61907.83364992893,2932.770789497168,0.778663126903856,0.9412085192092754,0.8986522065543,0.863423468490615,30342.20798086236,0.0273894901246489
5,23,8244.650272960269,0.0679653470226275,233.81413163065005,34758.04546572312,43691.29173758776,1.6321762648112357,75416.67106954605,317.0884433842321,71360.60305169351,3191.4580779630974,63521.929710356,3031.215005022092,0.8123167614684502,0.9408873206581988,0.8768636266029838,0.870251988765735,58413.68124678408,0.0282902540692411
10,15,735.325838384608,0.628009615991498,281.2383929258751,93805.43039463622,30400.584225491148,0.9449624077640836,117866.19729212842,299.67117085490565,110851.97022849457,3408.275176466709,111610.84685391608,3460.952190341315,0.901213664316876,0.9832008945549936,0.9254916210117594,0.9330932203967764,30810.386171048896,0.0303965244780116
9,15,1950.069130957244,0.8697785243558439,279.7955928384269,82009.18747240386,40194.98893884776,1.5282336413558952,268874.5636755305,409.2044736795474,259456.6632588542,3453.378763208624,231087.48655744203,3367.3799415324584,0.9203766259103204,0.9551621387934642,0.9355349586807128,0.9353597796063812,48006.87425705583,0.0319708170755298
6,21,2633.3492418603178,0.3119895479902256,273.412198370343,74288.48851648266,48785.07039176848,0.3200021063651229,222774.9011763478,400.6635807170025,213333.2700248401,891.7725695960929,106987.8087684565,730.696100826281,0.8779376544637414,0.9519216546669446,0.867548918733125,0.8970162338055174,23319.36426901279,0.0138805078976037
2,22,2966.0173132080004,0.7314042997237876,266.97514673649255,70306.41092197872,69944.75311779678,1.4594562086161424,479489.2509964254,523.1169598291282,456435.5553328507,1847.2674925271929,249922.47090776407,1561.6993146040254,0.8164602708562252,0.9347105226962328,0.8665463809195842,0.8669611794272352,61744.58528926909,0.0234911877817738
4,6,9828.57750470808,0.1937957197532305,224.90290471157888,27888.51707162786,55448.97723871942,1.6830989104036786,110061.54590519966,353.6020686452944,105115.13825192976,2598.2420943702737,85319.05565031501,2411.4974391366773,0.97065484076151,0.9898906961761464,0.9837698928962684,0.9803601130263284,69703.46823435539,0.0245793429483287
7,29,2767.0527925124206,0.371974462907168,269.195863331183,73117.08346299066,42127.81786492809,1.4004772475154204,165633.9449324833,359.1994434421544,154592.99009371988,2942.301347367244,137575.81356863247,2875.5023868223625,0.8416608739978437,0.9356242505004544,0.8908670484196876,0.88461173927518,49573.66858247744,0.028448387183182
9,8,11859.82925225593,0.6772017693586945,208.1710370983759,19662.664034415924,42318.78234039147,1.1811514323846,64017.14714779388,305.5876784407444,61614.89707411808,2486.6186319772496,54033.41888241196,2392.9618502375915,0.9648327083249998,0.9801964415454508,0.9715276960209834,0.9714503245999302,44277.36660939027,0.0264042568978928
2,12,8554.469399802632,0.1369342270478101,230.6797519080197,33101.681158438136,58830.80514976478,1.3062249907679375,134885.14952362745,383.1692865036432,130141.00987763416,1884.3867093003216,93552.30046317236,1697.8017090491055,0.9165327276589,0.9703086922458476,0.9393100904057412,0.9394987258590368,61440.29316348112,0.0210299628625003
3,30,8786.137112366108,0.6923218076097998,232.9212190824493,31381.085052982373,30568.190242195917,0.9384605209231526,33161.481092759255,224.0916543769966,31196.011981749318,3293.6656233536705,32775.384934043694,3264.43883752049,0.7208301633231884,0.9293541534700592,0.8144445759809895,0.81147168416459,30247.567113917507,0.0313769763085138
9,5,7162.62278474597,0.3727254242527352,239.30541891302772,40948.06318870798,50686.58539033871,1.6085095547569208,153597.84626480888,377.3078820971637,147102.1955699296,2665.738171354989,121844.10751117572,2576.1326054717742,0.9809110101954192,0.9892505249216548,0.9845450845236756,0.9845030869117668,62510.03807830529,0.0258056962925355
5,17,4451.809946736184,0.332299246228861,258.361935361554,58570.17275245536,32557.311862333565,1.614895985670432,72029.72079938579,280.00070150751867,69281.78573867772,4920.244865001082,67301.97616873114,4806.068945770744,0.8733040011738464,0.9600958508010792,0.9168765099034528,0.912413308680898,45809.410225992935,0.0345261317168151
1,27,4514.647569691393,0.8689891577019142,258.15977270584546,57142.92085494464,72199.46371452733,1.7141587755716077,460748.87608447263,540.490967095593,429824.1546606543,2005.8670020006111,249248.015515146,1759.2460910489035,0.798298435720123,0.9464240482123896,0.9076430050340868,0.8755394902619921,68726.46658425753,0.0248665725653864
10,24,3944.1683352621344,0.3175624952765234,264.87890381602165,62986.61955212844,59643.84974782351,0.6855624945914893,251853.91502498512,440.2283099682198,237499.3590281029,1237.219823661332,121736.25545625496,1030.65731861847,0.8180077669883171,0.9690513197863484,0.8627345960715986,0.876738881552711,41284.37370242849,0.0168001386050496
5,22,7655.820592307932,0.3489355609804838,237.91820865249105,36830.907775610685,63811.65123106102,0.6719690102318523,167619.93017205,413.0751124412072,161053.22320349672,1105.622182148211,77175.32874122454,876.4222979459269,0.8228550455665962,0.9442064567386528,0.8837776488450658,0.877537249901754,41097.26974533784,0.0162499593470648
7,21,8094.586195652218,0.591308380435955,232.61091236400492,34915.64099119416,33531.055704978,0.920746932732106,56519.850854148215,270.4273434574074,53876.01761185714,2765.204634480761,52609.490941883,2784.847902433981,0.8959227210498657,0.9576854249012532,0.9282662413829352,0.9241545883052028,32437.67415885531,0.0280990173127828
1,1,7193.924836585455,0.141126242892161,240.05208103555216,39779.10396839329,37691.7359482254,0.301736202982403,76228.31340190716,302.3702051337583,74966.68327486744,990.924428376197,59230.69499453812,937.086898383918,0.9972206939489918,0.999261760970851,0.998727385402894,0.9982850214917204,21227.13610946445,0.0143472251900702
9,29,483.3043260292018,0.2930224367408465,283.8429065057621,97048.41392563016,53330.69035239079,0.4665566299509166,314202.7214127779,442.23947931186206,298905.55206090043,1019.796730178605,140279.0364595437,813.9785096452883,0.8123971906566951,0.8943562889231849,0.8481121530681522,0.8476994088600792,29293.9357754074,0.0159188237788251
10,3,462.86413852853497,0.3314321060627497,286.91951513038754,97478.8316631222,79102.11704432487,0.9603093458598224,692040.3902739064,521.5730353734094,670171.0017186084,1325.367351293191,301518.52470832964,1061.2552320787086,0.9878090971418974,0.9979268766154054,0.990805161421576,0.9917432502678534,59140.2348769283,0.0161873860429489
4,11,12053.311093790677,0.8422462322818315,209.8026458529504,19143.731777519053,62012.637180015314,0.968679391427124,141954.07610395967,403.7427145467855,131714.84771953232,1434.010356247976,83880.69610043858,1250.0236354408978,0.9354716833646748,0.9777702225840128,0.964310928364595,0.9568130186304522,47054.05565019888,0.0203648013478999
9,20,10680.16279592558,0.1082517109886899,220.6935830576504,23431.03098850206,46590.10213965717,1.6621790522966708,62087.71307436811,307.3749711140568,58732.35238782626,2948.905551197139,51130.369828105024,2824.289018483828,0.8842660076609954,0.9348273701698462,0.9062989143140692,0.9060442884095729,60528.95356750207,0.0275627049006634
9,16,8844.492535181022,0.5331969933272338,232.3070090502998,31130.021442557456,73991.77317667076,0.2915674415349295,220059.14288118348,440.0053117260359,207235.9603140615,667.2931718507705,50526.64321717068,456.3413708283097,0.9134079706437046,0.9512379192886644,0.9298929640423508,0.9297024532567864,24317.36795272657,0.0118964616397405
6,22,9202.03585670258,0.5290470977142062,229.2975679401393,29570.823404207604,69582.84914086256,1.563984033207651,177536.50992317437,421.2975070554696,169912.67575661687,1874.4497289280785,106953.74695830973,1640.2217439227263,0.8703280287478091,0.948924348565554,0.8592916371801333,0.8905960072228298,68252.27780448736,0.022755937769016
4,9,8324.38480552719,0.0029334855622918,232.57205579533755,33889.4885268129,61449.65208682766,0.856736340571422,154774.55371549234,388.2156449872088,145541.2272190051,1342.0971126859654,90837.56546883234,1160.4552626684829,0.9502887015152768,0.9828746330603928,0.972505867420396,0.9667296307503472,51489.039401236274,0.0163119651980587
2,7,5669.415675983534,0.3695374665811136,251.58471549377455,49334.23993945499,47720.43116228656,1.8779181499302355,161632.76673395548,368.2500880179625,152288.2742700949,3367.0946232642677,134669.2171751909,3243.0540027853563,0.9585801946696324,0.9852659832688044,0.9698832348247948,0.9699768432959328,65117.738065049525,0.0287656253934203
3,2,8477.664104489098,0.0606542754703109,233.767604435784,32914.957486169274,59069.795575337965,0.8058478299449693,148903.23710514815,379.3635395550087,138041.24993257935,1355.149413680912,90716.84006317324,1203.09123040461,0.991740574204824,0.9979098955170184,0.9945102190343303,0.9944222640473342,49810.86200076903,0.0165142595304337
6,1,8539.532609582384,0.1494574354984649,235.27215112214887,32692.47647088897,68899.05514211845,1.253920486599502,194038.71818687345,417.4412245562896,181826.54283884427,1626.4411456392093,118789.5480777188,1455.925793774688,0.9976681713825044,0.9990815311549444,0.9974697092673463,0.9980326406796892,67321.15295006311,0.018579464998961
8,27,11199.67683040347,0.8962339552087427,213.69887974229425,21818.21267453088,66684.39172948658,0.7170030723687458,155905.6260825687,429.45722985841854,145814.840278523,1116.558759527975,66377.02809340927,879.9597631741362,0.7845236726342033,0.902534573621954,0.8987327328714567,0.8541896610017046,37157.78333078578,0.0192960427748451
7,23,5801.693520911917,0.4624878500172417,254.1714554307868,48080.90105293074,45720.48590877146,1.2169591175642456,143015.59504502517,360.81784768280806,134157.92283782657,2395.5919739409296,113511.12016079613,2308.5969558127263,0.8828568136270813,0.9523732345129976,0.9192607537430442,0.9146329219276452,47941.24158561555,0.0256871937476839
9,3,8471.025211600137,0.0955284845363436,233.65911110602065,33218.92683378048,71863.21718864745,1.394756756037396,198634.50321167256,412.3918580659243,185953.20264748196,1727.0245487241891,124642.84064794956,1506.9051735786682,0.9901739363845288,0.9944667042607256,0.9920445773088712,0.9920229590246904,74116.02756856536,0.0189948572683128
1,12,10120.881331686824,0.5895677047012771,223.8604434956677,25593.57582753511,58768.66300704159,0.3705975811099901,136957.86891410427,381.9190620362262,124865.74531141006,822.4323068400146,58267.83731387166,667.3306403261201,0.9297134878340814,0.9813305028120884,0.9678165557443474,0.9566295127005632,26767.53778290408,0.0137709558899359
10,27,11021.398246774108,0.2394345760835482,218.18313490823368,22657.44759459442,74346.90573213832,0.3903409759398544,117807.19127287932,400.7050275593983,112379.75442771395,727.4984429979297,28108.91033170212,496.19094968978834,0.787894889348877,0.9639304758637616,0.8400223283873017,0.8563437970148698,32624.352717641803,0.0118394721239935
9,28,9207.675344060544,0.3672546545922525,227.4702190722472,29607.65897166964,74274.42457405553,1.383047613511562,167112.95068836893,426.01956448765145,159960.65969467195,1556.9155049929025,87162.62275612795,1268.4118220908822,0.8207631176797304,0.8990673461850937,0.8548854132744665,0.8544910749097602,65403.55238109382,0.0209106274239409
1,28,8070.174755038079,0.5620104143289576,236.0281409660888,35817.338643840856,47948.85132630242,0.4090674317707484,109174.7031140942,358.0035357456697,101614.5134800482,968.915668039242,63322.84155861424,850.0820714354945,0.7885333848936531,0.9438302562695736,0.9031716924131754,0.8695139385622859,24947.42869797411,0.0162102343634385
8,10,249.92024588517867,0.2859436413305343,283.7530924257137,99943.27220453048,32797.36814234732,1.6048763762765366,132140.09020459905,314.8751427550394,124038.93227873536,4860.577521968095,122809.77136551969,4853.931653025346,0.9407584147527506,0.97320352339386,0.9721582713438068,0.9599119043224004,46491.09468091157,0.0339796079236556
1,5,7687.908866480688,0.8016678492694637,241.9859393149169,37542.90969305548,54514.70285189903,0.4114475390813978,212538.5139446165,411.8646144413445,199843.62005270293,988.374556442695,110707.08438471564,820.9579210419845,0.9774784965710276,0.9940178402373674,0.989687643790763,0.98610304383685,26132.28852114377,0.0158910553261703
5,3,9381.697501626955,0.4003850301845652,222.4493892292845,28978.81857979322,70473.35124658345,1.693459802185879,181094.7628429204,413.8244207528655,173314.56887187235,1996.502031657857,121655.214417476,1822.5376352974376,0.9867126941123244,0.9958150325068984,0.9912823826356228,0.990814302187686,76370.28036231472,0.0220028035072146
2,3,242.8861505389111,0.291149059112545,286.56159822334286,99920.55629351929,40588.09543958858,0.7826954362002516,237096.90363174852,380.3073595518849,219561.54904306,2001.1005736394936,185429.3225011288,1883.1347820222843,0.9862330342319104,0.9951027605671504,0.9899898980232854,0.9900210112698948,36285.81779637992,0.0217576805999122
7,25,2800.5119777684663,0.0212828600847168,268.30957953148624,71768.42371229586,71777.30803666842,1.944280455791272,374167.6666226757,482.5939382485553,356088.38492185023,2210.460221848054,230903.5167793928,1974.9412308475644,0.8694451959098386,0.946920489102889,0.9100169902847972,0.9048593221802412,86821.6202032448,0.0225110182039006
6,13,11213.619682104643,0.0575926322200618,215.17472712400905,21368.73651133723,71232.23305855841,0.7212801776592851,120801.3076754287,386.3216684616454,113880.83174196036,1055.5212307934253,56201.984131811376,850.9072280209704,0.9345630594740378,0.9742254680563116,0.9289937163718904,0.9447909791180756,51002.65829609985,0.0142402302743793
7,30,6888.125238627269,0.7863768545624662,238.61790701296184,41101.07701370087,44726.49059696172,1.0440110305319446,142649.17687074476,373.4253403216665,136243.84377384806,2123.4322079145886,109962.73543331004,1981.5196312173423,0.8345264907331554,0.9327236328105786,0.8859497779822467,0.8794126195311098,40214.37576903843,0.0259068097552043
10,16,1856.987411578592,0.6755447214004736,278.55097963418643,80868.55617003138,58982.47770484992,0.7015169088697788,428854.13756864506,485.104959010106,409898.75840824656,1295.57272317788,216020.4224550115,1092.8962476413326,0.8925678624239229,0.9817306331402746,0.9189706312448775,0.9272375242851147,37584.24469536891,0.0184757887579364
5,19,4864.528937270019,0.4777443259828358,261.793662301374,55202.206335830015,60071.38513313645,0.2162867211332219,251571.5825803585,444.9604834124471,238137.3616615011,685.3449012563278,69669.46083081356,476.23703625943807,0.8535939636512376,0.9538879808974864,0.90394502726791,0.8987874879101139,18600.05381222391,0.0117130240713026
3,3,9591.214162634273,0.6284049575111748,225.65185790044856,28017.571789633505,41014.96758033474,0.3504914634150214,83446.84539770168,324.2153632929193,80980.13645075542,1022.5161299435048,59416.06193986113,935.8916064277066,0.9860083641843772,0.9964593203610402,0.9907001990351376,0.9905512014926042,21422.37946473437,0.0162580390605939
5,16,7954.427292106263,0.8740442132020358,236.65208224221124,35496.25276968531,67902.81850577022,1.9140625581603568,287523.4938279163,472.8541642096179,264332.0911358661,2311.1217626210723,183481.90069872775,2069.060557386052,0.8829058281609221,0.9631200405168114,0.9231761356048462,0.9190511841008662,73352.80576149095,0.0260575018784061
5,9,4666.176829347958,0.4593728018189727,259.0697620103518,57509.21706498453,54934.63390493912,1.2365688463607636,244360.06011758628,421.0105931310844,237880.24198580143,2047.928125300538,175929.53562215087,1872.636675061049,0.9445764213733032,0.9825437995584017,0.963637357676836,0.9616849157198926,54531.56564910049,0.0227226604970964
10,21,5517.648658721033,0.0497423639324802,252.9824449677001,49422.76385822073,51254.6650336638,1.0210799083323254,154396.87281364563,373.9531586959538,146511.6462499217,1877.348800771593,105883.7279674892,1686.0923194804532,0.8470099020534746,0.9739832764352184,0.884609099827203,0.8963816737001162,50999.79559501622,0.0204754720937398
1,9,8700.118360863817,0.3311320824401911,230.2075730791778,32232.33481007107,62141.05633841344,1.352062665497484,157197.86688886897,388.2526514246319,150293.56315443953,1869.4130560472415,107913.18020113782,1706.4465651243122,0.9516438590033875,0.9871556460758304,0.977858238796809,0.9701617090631468,62977.01032021104,0.0212832186309653
3,11,5841.336757811622,0.2227696361416017,246.86626910456368,47917.17922998576,73675.11315232271,1.000679665609277,286725.9521622455,447.7124569380976,273201.4340679651,1332.403196194336,137658.2666820259,1108.6597066055772,0.9242432470171889,0.980829232812046,0.9496468651865764,0.9488401282064622,59586.37042127939,0.0168083649318423
9,25,6094.610763955393,0.6911370317792133,247.47117037403527,46042.44389556916,33087.21437917784,1.2314183736498578,75958.8040109927,293.7275197668512,70088.77345311496,3555.283109538618,69423.85394496999,3546.7850541700936,0.8453165137450265,0.9128939615164772,0.8747644464098294,0.8744241278759025,37204.97260994045,0.0332819558377533
3,5,5739.025941712321,0.1054105061579898,248.734795341728,48607.53015151854,35970.77360012517,1.4421154291676708,82933.9035082997,302.358779745703,79070.83496725369,3845.356505364221,75374.25388544078,3766.845475851637,0.972818597163028,0.9931215591335096,0.9819333750777496,0.9816439191285892,48590.58234496414,0.0295122521239091
2,15,6688.250991702335,0.0594605219212666,247.13399075332555,41462.58933101656,68658.53677236145,1.0121463608626078,210176.10172922027,423.9749658970364,200268.6444666714,1412.1895161052296,112901.11713459068,1186.2506791744993,0.8884423805575107,0.960316283037842,0.9188853109893516,0.9191374304311624,59304.241272739375,0.0171306449714827
10,10,6918.738864800914,0.30548715008251,243.5834039164233,42430.1191825432,70672.71229103091,0.6285596655340907,247299.00991446088,436.8186142746591,232921.6194255423,1018.7179958347326,103163.65040244495,824.5409832801917,0.9416852739805406,0.990083292141335,0.9560168349518448,0.96050414772017,43986.372846086335,0.0142980965763246
6,7,5070.627345573106,0.3096112341913244,252.82479057367627,52941.95608404339,49932.31204101303,0.6761658314803599,186667.126931652,384.1183111231284,177646.4634166869,1393.5107388766503,126061.25602610066,1275.7653634126357,0.9707366474216412,0.9884736479158728,0.9682460412056716,0.97531056570512,37740.48983461613,0.01790377593525
2,11,2994.7159017994627,0.3134536885141651,270.26670849201014,69863.77152839357,39134.591549848185,1.8145559114836591,148098.86329569473,343.8391197483652,137485.2829269901,4302.729431640896,129150.69936002698,4201.023242322817,0.9254597075881972,0.9734842328015846,0.94580098904976,0.9459694495906824,57092.49289463286,0.0321445240407965
5,4,305.1431638723177,0.5791658356737853,289.3423723112189,96551.73208279956,61341.42136200152,0.8234339362117331,591775.2534600055,500.9659618598398,551497.1043896339,1400.4671429394225,307681.30186060845,1193.2592190286225,0.980686664244117,0.9939170752141188,0.9873287878993064,0.9866484246316742,44316.9555460456,0.0183470973993581
10,6,3373.804471385854,0.1661693907675487,272.42012955509534,66277.35756126126,31901.500406341784,0.2391730130037722,81919.15459621708,285.07375975095914,78511.77257214156,1002.3800377652922,70987.6175637841,1003.740461045226,0.9699824761052326,0.9948953714537632,0.9773596517051296,0.9796694973897612,16127.139270765943,0.0148398347380177
8,7,4840.624842116747,0.6024181084769777,257.2952707958012,54656.38742090325,64462.45047485785,0.7755762719913168,348654.6601938611,464.24198564396346,335271.7021941239,1276.0296355254509,175282.47799641942,1073.9338958782714,0.9627390328485554,0.983145916328392,0.9824884878997052,0.9747859344078514,43397.83069514558,0.0176836254272694
6,4,2145.9172848226112,0.7168971273188421,276.0693599662463,77698.88906820184,57940.80282835278,0.9194348071411456,472012.7671699826,474.7688483803323,450765.3390589299,1614.0509943116597,280772.1836581432,1414.5504173471993,0.9858624349367948,0.9944314462229024,0.9846591856737172,0.9880721635437038,44606.69246128724,0.0204856396464496
1,24,10839.1459686171,0.1000536176006107,220.2185034307347,23236.98160761747,54765.83561972924,0.2206324691793564,74862.16270856529,335.6985385486447,71914.57740093062,622.3589976428133,28937.889599209047,481.7681972110104,0.8269343064268596,0.9540303056742876,0.9207550648049116,0.8932093337145037,22118.03630366932,0.0099663712254954
9,22,6436.232257138613,0.5041747707064516,246.8071229061272,44750.34200152312,59646.62616450479,0.5011545359416831,215612.91820181863,430.5758105835098,202065.9403702381,992.14323068184,88079.83985112149,770.2380152646235,0.8689999608546042,0.926230687402968,0.8939391474816842,0.8936509348072372,31530.596469457563,0.0158341309880729
4,21,5690.680918919607,0.739388656342487,248.8866690247703,49194.50889722069,53185.86974319146,0.8486515105235555,226545.38259958825,423.9552726665135,214888.4163759929,1527.8259184074043,144268.80844462436,1363.894339036442,0.8504367381569545,0.9484759839750756,0.917280129960508,0.8999015294434569,39433.57344332463,0.0214040170312963
3,22,5918.412234961392,0.880503143479,251.8373079229964,47937.0820396874,36877.715008715946,1.4435083148921872,115331.82106472722,338.49008222655954,110146.89328660029,3665.381636641243,104621.54337364456,3625.1928041342658,0.8134649935841225,0.9527960341540288,0.8760160387601001,0.8740296193078877,43985.98994817633,0.0329936918322293
7,28,9626.219716474929,0.6795419671327402,229.15252786276707,27560.335348896435,37990.48557316076,0.4646210068017595,62400.39883551532,292.6392778824495,59279.32014998476,1317.8203730834327,49942.633260161456,1269.6490903004708,0.8487218214200178,0.9384950114674762,0.8957337042652223,0.8897573432878166,23050.225692850752,0.0203316467170214
8,3,3554.4640579790034,0.6002437781686016,265.1004333192548,67190.39810541521,77612.17044037757,0.2938284477224968,556750.6348668159,524.0963705259296,532166.8279984624,756.4657905372994,124874.25535447376,494.5662133054088,0.9876153338923648,0.9943981003505724,0.9941795866564468,0.9916194396590516,25345.84639737516,0.0114713151782568
2,10,404.4766912573481,0.5115927775024834,284.7638841242119,95635.75895280264,67971.60148423284,1.7848872210838689,606385.4121899528,515.982097435624,576710.0176665736,2282.1046602930805,379326.3156058272,2037.7044947468487,0.9341462362361596,0.9765742390779116,0.9521170531015284,0.952265882148296,74505.14441007048,0.0238665149937056
9,1,3742.355047779352,0.7233864553690887,266.9827530799117,64196.6906956801,73369.34870276383,0.4452340414126823,557010.4895534089,513.4474591437069,531497.9596444237,934.9739845409508,179460.92596451874,675.8751644274519,0.9976442893770914,0.9986734419740392,0.9980927587611264,0.9980875759713864,31787.537500341507,0.0140665208458888
10,22,1489.629236103144,0.5833795515336117,279.0114485012016,84042.04938508253,31901.39004777756,1.28470623106242,112270.0541988163,301.2014435576907,105060.45683711975,4189.013160628972,103528.3011476059,4172.171120261195,0.8374721746036031,0.9723613386638844,0.8774153861763487,0.8899218872935113,38610.6172950145,0.0330434552287503
9,19,8519.288322605975,0.2256080801932045,233.40513870584505,33543.67570609194,52460.343276648346,0.4191672049214952,114449.85242984464,359.0067427171276,105108.2456012624,926.8435928169888,58515.34413150896,775.9370741202388,0.8917316242274325,0.9390314406862512,0.9123432610392816,0.9121050602086328,29496.630724871746,0.0143138300233941
7,20,1394.79065880882,0.5497781858963273,272.9754419995905,86609.4261546739,77079.22552440604,1.3971489297216306,620139.7646969573,552.3182186572653,595692.8963707768,1682.2227969462456,306050.23506501905,1372.2304824543698,0.902319057695112,0.9602859758578344,0.9326748238667588,0.9288158629954228,66946.15009992947,0.0207808801009815
1,15,6025.185554757517,0.719098560783249,246.1614755413323,46338.403276821744,62549.76467523642,1.4510135137353488,294450.6307376216,455.2364896255286,274834.10555953975,2055.748991199836,191656.19771991004,1842.11796195069,0.9060590365993728,0.9750474095528082,0.9569854348187108,0.9420334679512048,61613.94545118576,0.0237533949229622
2,18,6606.516907483844,0.3932972085387072,244.99808088098143,43735.9853464655,44748.831157226174,1.9100825317034196,113865.45346515604,346.2201146624863,108901.11442912612,3511.861593565793,95650.04863776136,3485.0679389708894,0.8586047376559542,0.9497023188672123,0.8971900548798551,0.8975096071865019,62124.05441445534,0.0307001204365712
4,5,3428.0145969138725,0.7353898111770223,265.1881268947391,67402.77669165035,73247.87383399434,1.7363930877099707,575835.3613173296,530.4080310398255,544424.96894964,2056.421255788952,346846.6914655376,1818.567364008984,0.9768473423187184,0.9920239911145972,0.9871948176920994,0.9845045795694964,73876.2713597828,0.0233326043385139
9,24,440.6197562720651,0.4267146698079694,284.9836458728342,97779.4729112161,47375.80228609217,1.8639670598490947,280418.25051625154,411.23619286953743,264636.16033534973,3248.828299429508,224249.7974337909,3083.3029125197804,0.8533113355172166,0.9173960403732296,0.8812372506808981,0.8809145215231251,61033.19124141372,0.0304254874341973
8,18,11527.586565443193,0.043532451168244,212.40793758054176,20855.35565772362,34821.06478884144,0.27870781166082,28880.880211937656,240.33194432172183,27476.28748295922,930.9549801389986,24211.446200033177,897.8540933454647,0.8728018110285836,0.9424650221480326,0.9402207512151982,0.9139264564204026,18956.16352569301,0.014734972635581
10,4,10406.783888831596,0.4320343965182568,222.00194851498847,24890.92991779426,33329.05175408068,1.1904922328667846,39467.13512279848,256.3225192535201,37388.25651716538,3593.4584778456942,36314.54447368727,3660.8728432025696,0.9822803055746404,0.9969866782379724,0.9866351383653352,0.9879986672108486,39684.30519988241,0.029973841126932
7,22,4877.874030595917,0.6754563293746779,255.93307406835743,55329.33230949517,56607.65547536602,1.437199184987152,278758.0086745551,448.6848161334842,267379.87954752205,2165.7165545004755,193157.22449970283,1968.868700241156,0.8894343225608498,0.9550474444707155,0.9237942066053408,0.9194262243471568,56954.57939751973,0.0249214118201835
6,12,4435.8538859933615,0.8229676587178003,259.99069829650904,58486.50466432319,59154.08313167128,1.1859860786518948,381210.8039783034,480.03417899906174,364839.9053516154,1875.5704689421684,244532.61230913937,1620.0852399493028,0.9410298479244488,0.9767726294020054,0.9360108936907274,0.9502469960975994,50948.2886961327,0.0229447843642492
2,14,156.9222219828698,0.5938796389940427,294.51748519555514,99509.43280962686,38904.50771601289,1.9294609749784992,235542.9229523604,382.3760228937355,222042.28562852243,4478.414852961399,208279.0944228183,4390.622416614461,0.8980124761313681,0.963720595230516,0.9258438256130508,0.9260743167056172,56364.63131337097,0.03424002830277
8,8,307.7185874263051,0.2566204797065751,285.99196101898974,96714.68702558444,52444.21920632298,1.341201577991337,358109.67260168126,434.1322864584535,334278.93422893604,2274.601816719353,263778.21404875314,2114.240796087625,0.9556755194807668,0.979950909477594,0.9791688531916772,0.970006136593088,56627.6942089848,0.0231475202775182
5,26,7895.784911965528,0.1057974036660064,237.0654636316947,35896.47554881417,44466.58464497479,0.921490170400664,77932.74376731121,318.49783302453363,73461.41681367361,1824.285657506176,60366.98077747069,1725.8853561436497,0.7798875264592133,0.930673414582198,0.8555872546567178,0.84783321135536,41844.98797617728,0.0218928471535331
7,11,2834.101775536056,0.6091471290869639,273.8055350160051,71603.26410390329,58084.27090229458,1.8499030852225784,387694.1045655742,465.2436878678809,369004.262572461,2673.100833035157,278606.0062056826,2545.7681847419663,0.9550963817726498,0.9817435895245008,0.96905083084948,0.967276878821254,70256.12843660053,0.026651916817061
8,11,4544.457397541038,0.055559582962724,255.69511789198887,56482.68702160312,46544.01019741977,1.0956223344123082,161918.471726183,375.2477212816725,154106.27239053417,2155.825025961023,126677.81487215306,2032.0806759671143,0.932944074341679,0.9696688983640984,0.9684857709465916,0.9546240305298784,49859.16111655257,0.0222762869029995
9,12,1705.5275032541276,0.6852212635739178,280.4543134433428,81331.00345515001,35366.729973439986,1.9597557358225004,176382.05156462945,355.51663072863033,165009.0637910884,5217.967893169773,158698.5727151605,5289.193028478839,0.9404258903777816,0.966452367922321,0.9517673361338524,0.9516362673679648,53526.73705304184,0.0367342331619401
1,4,9654.38239794929,0.0673933992976915,227.5960581682902,28176.0908337657,79262.15961884682,1.5801270411170802,188014.3301635191,420.7598654675898,181026.3142035223,1711.6883268470326,116671.63215950307,1496.609769343458,0.9831494391003376,0.9955241554938968,0.9922843078895336,0.989602314655164,84197.57388853369,0.0188846365910612
4,16,5511.612236642543,0.4381982607928111,246.4384482396072,49981.14886640744,38407.26015054163,1.9413955092969524,102744.22355834402,319.570091809414,97408.23784428516,4552.02129485544,91831.7337219736,4385.822259519105,0.894974242527349,0.963818997096162,0.941912760514317,0.9297092242940832,56584.75848905149,0.0336178277577799
2,24,444.58485531462713,0.5353583054127654,288.84561716812186,95240.16702342444,41461.66558536205,0.4151866262055915,224260.19323534315,388.6016763439724,212175.36864345483,1142.895346662237,148540.7244582457,1059.3836885606174,0.7944794679202326,0.9268914246671416,0.8505639137132404,0.8510283886822076,22874.60237328964,0.0182307166521963
5,14,9611.864079527051,0.4994634290230447,221.30812942201004,27867.67129632716,56102.37568653595,0.4528450168473671,121861.15480084596,372.3252056989496,117610.25767480946,934.4945488778594,60938.30914495261,795.4429985080941,0.9015658606844072,0.9689972010331084,0.935418724502981,0.9319511219345896,30349.14498739145,0.0150639080804706
1,2,4452.60404470065,0.4112720761116314,259.89102512552887,58203.85570456829,69050.9337686756,0.5647129075909856,373737.9136899759,462.4393907087101,350404.1912005826,1008.6666523650736,152476.3977215352,795.3695166838233,0.9931565457646512,0.9981822422870998,0.9968664552968636,0.9957772275810496,39800.42238362171,0.0140554490224518
5,12,6002.644241577182,0.7125270420665631,246.61520172093944,46753.91179985608,65639.56907952859,0.2885775328119113,318812.52594254643,470.37572244266926,302497.373869972,769.5618955822707,90550.61811339953,543.051171380882,0.9194408413670356,0.9746271017615928,0.9471462517612588,0.9443083426036698,22046.97280171403,0.0131721857348404
4,14,398.4739556279697,0.0566371303521879,287.6320358537754,96298.12149661175,75347.10199858402,0.4529667051082594,559265.9078923366,517.319737955101,544023.1730415607,892.25919757743,158165.04845670814,627.1496220806129,0.9117110622978212,0.96958477245726,0.9511694960202646,0.9409107054623858,39937.99152524694,0.0112835335679511
2,20,2097.8808295087047,0.8230781121884391,275.89186436589034,77889.63654383353,50986.094363273325,0.8829290914949892,357991.51116263,457.81908631077295,339025.2938159862,1676.4854226817893,224716.8535977348,1527.215991585708,0.8378490132888241,0.9423190106248348,0.8820983548629107,0.8824648149618532,38633.68964656268,0.0230278122278245
3,21,5141.369513642099,0.5970765267527753,256.43605727886217,52999.74463640688,34715.19209935197,1.3289468486054814,89463.7178827174,307.503346777904,82671.88470655878,3696.9706713267633,82329.24312482886,3589.7810892948487,0.8244115502535143,0.9555661355793932,0.883291871237262,0.8814220221464022,41496.05476257819,0.0318812665923818
7,26,478.9080129150079,0.5304197001112774,282.1041824044454,96545.39198034607,49823.92325992303,1.9680742746424984,336047.1026150846,443.3841531624207,325157.58974919864,3232.84304835096,264314.74074907566,3091.089683068063,0.8626159868471255,0.9441439457241206,0.905310056750487,0.8998825954812326,65310.161996267474,0.0299010243483161
2,5,11662.782663479704,0.7751490486681054,212.74241845073303,20596.69239686637,70262.18664772091,0.667834223400584,174187.60395592704,420.99850261559885,165310.58326397187,1023.4753957017992,77790.46502483317,842.8420596411248,0.9732550612868716,0.9904861847772828,0.980553480818559,0.9806139241935012,40702.91411973637,0.0163188583187663
4,2,807.8762688374708,0.4668857342997887,281.91745933910784,92243.742424581,37255.80694520437,1.512540537582744,204180.6176482136,360.1467800177379,189664.12241679733,3967.935466224912,181611.34221683716,3901.2104296133966,0.9929647612661276,0.9975763850774824,0.9961089773879536,0.9952915132460818,49403.40470066698,0.0309165085473968
2,23,8325.163651701952,0.765069740072489,234.78833640874663,33591.33794170171,42253.76565342108,1.0923491476094749,100754.35841010528,345.42518176846045,95781.63245995923,2282.228737467188,82187.08854109171,2167.0324105035875,0.8055415641101011,0.9308264772112952,0.8586072772838447,0.8590467519925824,40192.22724587639,0.0268948751693912
9,2,2022.748334838716,0.0485247353509596,275.9109207200469,78960.97297481933,65430.36752600778,1.0580904833415667,418901.0866443095,474.7615001245336,394173.7478908897,1597.496024617894,241473.71124265404,1357.931705506224,0.9941995600542974,0.9967336309947212,0.9953038212077197,0.9952910596824512,60788.02182630715,0.0173694793101817
1,14,1172.2833277905445,0.5536486468781254,283.01806051316885,89010.87376603372,79121.47387621203,0.458399978206587,694270.0183787101,551.7862835863504,655630.2778512756,920.186177788993,171904.8823272342,632.079827141252,0.914117867565264,0.9771879955261228,0.9606754875637415,0.9470061919530648,33739.20339489765,0.0134013604925278
3,29,741.7671243423939,0.4605715815139549,284.70635593479693,94777.79320782716,79418.11565536555,1.661666986900754,546774.9764062229,572.7923178279389,517467.1094174087,1813.6168308803983,245434.5706423376,1470.981098104843,0.7328665588744603,0.9324000461173844,0.8224447901400943,0.8196000744270276,74594.44096009493,0.0223226618991838
6,17,6187.777278030756,0.5454328216623883,250.1799441484501,46642.576015963685,41932.43704250321,0.2982044601441204,127935.72412098345,349.16340028017333,118270.81832709204,921.292012849504,76483.72432823452,813.280617716289,0.9072571952720848,0.9634701383684268,0.899363847942066,0.9217530740019818,19766.763603064268,0.0153751971090551
10,25,7402.312191916923,0.7059763996293488,236.57804324211537,39081.29936485083,64774.66275027231,1.7068892981190302,225023.3009843249,454.76871800381247,215521.0983489615,2155.190588469643,144300.7430505905,1939.1426496230629,0.8080888310433922,0.9673645556231796,0.8552533606007824,0.8700209072845455,68432.20685283745,0.0248716932189715
5,15,1228.9898428193294,0.3231346012546431,279.755205948353,88292.88315661512,43470.43033341599,1.7298619629304628,219987.0922506517,393.9184150503152,212405.51928594723,3419.595132388012,186377.49658739,3321.1273414208085,0.8923292003043198,0.9660880241267996,0.9293586795548932,0.9255656912262358,58255.17571028524,0.0294717405441775
10,18,6289.220316903208,0.0308547021094784,244.2142635390429,45036.23915108729,62256.17198005271,0.3488440728404323,185794.59989053255,418.87662862285663,181326.5002888461,786.9111819622491,66928.65907387574,597.8270071346633,0.874791879571049,0.9787077392524808,0.9055633147558962,0.9151980680309328,31417.357172006254,0.0110322768814215
9,4,4716.024690807247,0.1254674512256858,253.9633919424956,55370.69932168659,30120.130719528617,1.1907820658933397,59484.57817062325,265.1502560259786,55858.90390015799,4251.537336376096,56412.91613624406,4222.132208419883,0.9857176415318112,0.9919572560944556,0.9884366514316304,0.9884052288705504,37982.03218916565,0.0310584541857123
2,25,2796.6638271389397,0.0220776968933655,268.5825899518449,72951.81198406439,74349.8455807329,0.2374203498863591,349070.7239267646,501.31593303471584,338362.7349740618,689.5358634680452,50125.12649861211,402.832633319172,0.7832781932321242,0.9229068629979368,0.8424193520294266,0.8429091418010586,24072.96893907843,0.0098984441899844
2,21,6767.685013778991,0.4299455845780946,242.5660519305488,42280.872562576646,63992.33452110767,1.88448155911038,199717.02405775856,423.21202005485344,187509.7887946945,2413.6181836647224,133568.9396412271,2195.2918378389845,0.8272310536961915,0.9385419481050769,0.874377927566342,0.8747683841799023,73845.79501462489,0.0255436823506469
6,25,2631.835153140825,0.5374489199560314,269.2013021941591,73936.26550786202,43288.048222110345,1.384045878567394,193884.9915569189,375.787168706847,186717.91729642716,2791.3381679796057,158854.77780394375,2702.577640759155,0.8468846825260773,0.9396904010245736,0.8338530259365069,0.8708169010987551,48844.39093339875,0.0284893326344551
7,10,5217.310404019932,0.7541238074375464,254.60491239261103,51697.948540144265,37879.06782834793,0.2436109358041248,145356.56505221318,347.79513267405486,138372.33414960577,897.9197729974647,101325.57057318982,825.403824595751,0.9603292102672598,0.9838710943607883,0.9726574821753348,0.9710902570677408,15570.977196196543,0.0157311252032738
10,29,10025.773469333268,0.8896167956913943,223.70718638659795,26383.08162831512,38139.02775282273,1.456273492018737,66797.24230277722,313.5089782774394,62956.6376683353,3457.09429517361,60294.53916133762,3433.561759156258,0.7672468127510952,0.9604191682157548,0.8244487705071852,0.8423591067173201,45277.999127928895,0.0319183660561564
7,8,7501.05186025436,0.6743556199585808,241.20177369772105,38069.09050067051,37479.05556426869,1.0174704466531663,95831.4403042062,322.9361342881685,92552.72669897096,2686.664949749103,83537.77752190059,2594.7877353408726,0.9703183643828456,0.9879323728286796,0.9795423621159356,0.9783697662365228,37855.96738364965,0.0270758493600228
6,20,10323.166882095866,0.7924877066794872,221.3671889461476,25398.248350468213,53541.66033878504,0.328704130111846,128599.39231269452,382.7667843225268,124390.22811064188,821.6039806840886,55408.321467754366,665.2302265026275,0.8854393095957167,0.9548764329355424,0.8756890403173542,0.9033453658141556,21789.12001317777,0.0154324501840483
2,29,972.4747300769188,0.1993423708173856,288.9500082618006,89689.95648872964,64005.91881950675,0.3405547404069919,350743.6655155604,494.36328763102495,332882.27291542874,811.5166710155557,81007.12477510986,549.8937161548107,0.7371560417988503,0.906500109140058,0.8088834627848492,0.8094774882970124,26142.81673785632,0.0128920900323067
2,19,1667.7597614744466,0.7485129774502994,277.82326638870023,81965.06168592387,79381.81817428567,1.1267265942010063,712511.0480359447,583.0077849527795,671705.6274392046,1488.8047068371177,278969.3233978437,1154.0022615009573,0.8483088364418105,0.9460398202257544,0.8897037995326786,0.8900466205042542,56086.68493023512,0.0204369776814339
8,26,6663.978762878766,0.5257698940642451,243.14615875525843,42640.59697941377,51643.09552941739,1.3025756807265605,148897.92047963303,388.7845013994935,143181.86568050794,2084.4584288080623,108813.68880984095,1984.411965626188,0.7948403149613055,0.9072010534877158,0.903581238445968,0.8611708135646273,51375.71913773669,0.0254547756338251
9,13,1779.6032242157653,0.5359153205713334,274.40566630144474,80823.542048775,71137.614576063,0.9026835614459358,540789.0076073599,523.0242933601409,516332.47490133153,1335.1209162631062,248341.55860150405,1070.0692717186766,0.9338928706976748,0.9627734654263496,0.9464780427770616,0.9463326007400932,49336.42993167761,0.0179952682279084
1,22,10731.715360163902,0.3492077322015976,222.47376206043825,23784.94076430405,30268.220418936577,1.8215129981990048,23345.18629517403,212.21018128247425,22082.76713462279,6233.529063803641,21888.63834112293,6202.0588805137095,0.8454440040561729,0.9589468499327908,0.929230457927788,0.9046307939806428,47988.030090582,0.0381279988801574
6,11,748.1394340831589,0.4135408908503192,284.68842167938755,93062.90550003028,66661.98077134279,1.301713431051062,535093.8572909096,495.4189021694359,510296.5254520831,1815.0319694399643,303758.6187618277,1559.076444154594,0.9473368153050856,0.9792568398634576,0.9428546475561004,0.9555681723479016,62268.1011472422,0.0207508673090252
10,7,10488.951620547268,0.8068378434561991,219.4643271603547,23634.08281631091,46560.24721048749,1.294449789227513,106381.7908302818,348.95078362891616,101449.87768699929,2442.81300659573,84821.78722098554,2371.464952474629,0.963321996168942,0.99376272386652,0.9723360666120602,0.9751584356111508,49587.19678873278,0.0263601421712844
7,12,10128.322994445927,0.8482641268958727,224.19804890696585,25974.867694827804,73838.75669479938,1.5107420869965966,247411.7431655031,453.7893792495862,233366.82275490093,1774.708662840551,145413.75412060655,1550.3061265257168,0.9497187036646296,0.9795571933537504,0.9653443440234184,0.9633579426790028,68029.15339699958,0.0224950698380786
9,18,8039.17309180821,0.4063041250270752,236.2969338178698,35714.01988885946,67227.46653241104,0.8347268906838273,194158.77154239116,428.2133390077166,183033.24801404413,1191.7878373597937,95412.80379212636,1022.542248895686,0.8990802427983655,0.9431696267818588,0.9182928833107684,0.9180708501471344,48162.63401501431,0.017494233658004
5,30,17.793516559000494,0.6591034198832052,287.30996930197267,102258.8421196256,77926.16111070877,0.5964938943596539,680745.5213179317,598.6564307338689,638220.0369662355,1045.713021493401,143066.91382555978,674.3948583964111,0.7348833929485676,0.9164989207164432,0.8260606659653975,0.8167212331839793,34422.20460175665,0.0175389193370337
5,11,9155.687196473353,0.7612378301486094,224.6467037579645,29361.75155848817,60622.24164623911,0.3575169076772349,190584.26601327493,417.0600911361554,180916.51898515347,829.8832116395384,73740.55126393837,637.7904516782381,0.9280567931295258,0.9773407803923828,0.9527990583821244,0.9502646688841624,25022.64443504496,0.014366526530743
6,2,8600.460874657436,0.4164204694804199,234.3824929794532,32529.83640582443,75837.43257761117,1.4343165427990516,240230.6338280774,437.93998482821047,228260.61903196384,1717.8061925309391,142008.1231422952,1487.098246007655,0.9942583644493846,0.997738464425157,0.9937696934007104,0.995155793127514,73161.34536489275,0.0198229237286803
4,10,5999.886927326578,0.0696837150102903,249.50644282421257,47996.46903282732,32739.581355443872,0.8000765433171037,60039.61472044123,266.0267686069417,57401.94483045722,2588.9892476370983,56435.54078045913,2584.1453410437302,0.9429914696832056,0.980360762439894,0.96846994267953,0.9618457994091092,32360.072734562003,0.0247721622948249
3,28,6090.104773325029,0.3930239906637459,246.26748777604865,46881.89373130862,35161.742261036576,1.352639312455974,62929.86113953192,277.88553844720417,59901.463091974736,3558.6811988201043,58581.34121253279,3532.1352281648205,0.7447790610469567,0.9354145866934138,0.8303626562607953,0.8276447973050454,43118.34006177359,0.0313900619667476
8,5,4117.530525647709,0.1215101500628874,260.8531959748509,60193.27197335092,34873.96139418023,1.708968741270113,92932.7371912835,305.6363959879543,90145.2002610948,4813.901305391853,86395.27638850396,4790.563813849837,0.9759404402094896,0.9891172488313796,0.9886927445901534,0.9837191741102558,51881.510145362976,0.0327040017695716
5,2,1728.4850156000014,0.0105103656761009,271.63455303870774,83038.90352309981,51320.29036564264,0.7404845583407025,290276.4566939988,417.3088576672663,279520.7823010383,1472.3147832515028,187505.9837543828,1319.371939876396,0.9921563483753256,0.9975295648829066,0.9948538888032368,0.9945775754559733,43056.88293015163,0.0169792428997578
10,30,3055.183707960273,0.06081029039052,270.7715936542495,69117.522296253,43382.6361103673,1.8364403190699876,136707.4836105885,356.3865800872868,130486.02682399382,3671.078311580943,116005.6721434603,3592.769195656212,0.7567595094178128,0.958635750364376,0.8165388509224837,0.835256184153183,62420.035578685616,0.029509352391906
1,21,2110.242307241725,0.6714304758111865,272.47402748481943,79125.67705708343,70887.89123282858,1.9741940149684107,527838.4789703321,532.8296513341436,503561.56822054606,2377.184865917494,326921.0636999103,2104.769322098168,0.8545139153864967,0.961355998983698,0.9333834735876648,0.9102274079260076,77870.45582531953,0.0254642050644895
7,9,5190.050417653229,0.5362382932800167,253.08509935610536,52271.28139437943,80941.63813311381,1.5885186693166815,434656.3205375003,503.8766545817796,410148.7817579169,1772.8724280641989,239168.77712091035,1508.8101190688144,0.9654071687417634,0.98593563387782,0.9761573915806532,0.9747907751342472,76109.88547780932,0.0208252581040844
3,12,880.817724103741,0.1537245410616668,284.2499276422209,89894.78530879681,55753.99630996362,0.8108054265617298,352226.18833744264,451.5997693320775,335834.0281343607,1464.411360294611,206487.66943914845,1295.2489543503382,0.9151705832067208,0.9785333328580904,0.9436165504492352,0.942713198274886,45813.64400326468,0.0176062335822672
4,17,1979.6690337242203,0.2968185692080095,274.4995395334957,78471.47464995769,68137.11541438993,1.134011177002568,415477.2194754012,502.5007418486717,396598.3265816883,1567.8157241488077,221255.29856242685,1355.2378880033823,0.8863620363295472,0.9608521224460816,0.9371495548402988,0.923945317717733,59201.81148007928,0.0191699294115175
10,1,7701.981015556603,0.6502896859984535,237.53649584280785,37167.5548752976,79282.59470028772,0.8721303990791768,340978.15471478266,465.80471014914576,324155.2376769224,1197.3039470205786,148895.9100817939,949.100402963912,0.9970773403786576,0.9995029872621626,0.9977956199183344,0.998020518305612,52517.85516817946,0.0167364643055018
4,13,9011.98583567867,0.590657520298738,227.52739797448723,30394.354417479408,77742.59596554772,0.3253151507944912,242894.31033235436,449.5326013657588,232073.77728963463,716.8202248560153,56729.0126553161,479.061315629338,0.91981997210446,0.9723782632762848,0.955654340474052,0.9463377699668848,27000.559136038257,0.0120043599026414
